sheet,row,story,test,file
Version Control,23,,AL04,KPI Team Verifications - Test Execution v0.1.xlsx
KPI TEAM,0,STRY0070709,KPSE01,KPI Team Verifications - Test Execution v0.1.xlsx
KPI TEAM,1,STRY0070709,KPSE02,KPI Team Verifications - Test Execution v0.1.xlsx
KPI TEAM,2,STRY0070709,KPSE03,KPI Team Verifications - Test Execution v0.1.xlsx
KPI TEAM,3,STRY0070709,KPSE04,KPI Team Verifications - Test Execution v0.1.xlsx
KPI TEAM,4,STRY0070709,KPSE05,KPI Team Verifications - Test Execution v0.1.xlsx
KPI TEAM,5,STRY0070709,KPSE06,KPI Team Verifications - Test Execution v0.1.xlsx
KPI TEAM,6,STRY0071939,KPSE07,KPI Team Verifications - Test Execution v0.1.xlsx
KPI TEAM,7,STRY0071939,KPSE08,KPI Team Verifications - Test Execution v0.1.xlsx
KPI TEAM,8,STRY0071939,KPSE09,KPI Team Verifications - Test Execution v0.1.xlsx
KPI TEAM,9,STRY0071939,KPSE10,KPI Team Verifications - Test Execution v0.1.xlsx
KPI TEAM,10,STRY0071939,KPSE11,KPI Team Verifications - Test Execution v0.1.xlsx
KPI TEAM,11,STRY0071939,KPSE12,KPI Team Verifications - Test Execution v0.1.xlsx
KPI TEAM,12,STRY0071939,KPSE13,KPI Team Verifications - Test Execution v0.1.xlsx
KPI TEAM,13,STRY0071939,KPSE14,KPI Team Verifications - Test Execution v0.1.xlsx
KPI TEAM,14,STRY0071939,KPSE15,KPI Team Verifications - Test Execution v0.1.xlsx
KPI TEAM,15,STRY0071939,KPSE16,KPI Team Verifications - Test Execution v0.1.xlsx
KPI TEAM,16,STRY0071939,KPSE17,KPI Team Verifications - Test Execution v0.1.xlsx
KPI TEAM,17,STRY0071939,KPSE18,KPI Team Verifications - Test Execution v0.1.xlsx
KPI TEAM,18,STRY0071939,KPSE19,KPI Team Verifications - Test Execution v0.1.xlsx
KPI TEAM,19,STRY0071939,KPSE20,KPI Team Verifications - Test Execution v0.1.xlsx
KPI TEAM,20,STRY0071939,KPSE21,KPI Team Verifications - Test Execution v0.1.xlsx
KPI TEAM,21,STRY0071939,KPSE22,KPI Team Verifications - Test Execution v0.1.xlsx
KPI TEAM,22,STRY0071939,KPSE23,KPI Team Verifications - Test Execution v0.1.xlsx
KPI TEAM,23,STRY0071939,KPSE24,KPI Team Verifications - Test Execution v0.1.xlsx
KPI TEAM,24,STRY0086775,KPSE25,KPI Team Verifications - Test Execution v0.1.xlsx
KPI TEAM,25,STRY0086774,KPSE26,KPI Team Verifications - Test Execution v0.1.xlsx
KPI TEAM,26,STRY0086776,KPSE27,KPI Team Verifications - Test Execution v0.1.xlsx
KPI TEAM,27,STRY0086776,KPSE28,KPI Team Verifications - Test Execution v0.1.xlsx
KPI TEAM,28,STRY0086885,KPSE29,KPI Team Verifications - Test Execution v0.1.xlsx
KPI TEAM,29,STRY0086885,KPSE30,KPI Team Verifications - Test Execution v0.1.xlsx
KPI TEAM,30,STRY0086886,KPSE31,KPI Team Verifications - Test Execution v0.1.xlsx
KPI TEAM,31,STRY0086888,KPSE32,KPI Team Verifications - Test Execution v0.1.xlsx
KPI TEAM,32,STRY0088343,KPSE33,KPI Team Verifications - Test Execution v0.1.xlsx
KPI TEAM,33,STRY0088343,KPSE34,KPI Team Verifications - Test Execution v0.1.xlsx
KPI TEAM,34,STRY0088343,KPSE35,KPI Team Verifications - Test Execution v0.1.xlsx
KPI TEAM,35,STRY0088343,KPSE36,KPI Team Verifications - Test Execution v0.1.xlsx
KPI TEAM,36,STRY0088344,KPSE37,KPI Team Verifications - Test Execution v0.1.xlsx
KPI TEAM,37,STRY0088344,KPSE38,KPI Team Verifications - Test Execution v0.1.xlsx
KPI TEAM,38,STRY0088344,KPSE39,KPI Team Verifications - Test Execution v0.1.xlsx
KPI TEAM,39,STRY0088344,KPSE40,KPI Team Verifications - Test Execution v0.1.xlsx
KPI TEAM,40,STRY0088347,KPSE41,KPI Team Verifications - Test Execution v0.1.xlsx
KPI TEAM,41,STRY0088347,KPSE42,KPI Team Verifications - Test Execution v0.1.xlsx
KPI TEAM,42,STRY0088347,KPSE43,KPI Team Verifications - Test Execution v0.1.xlsx
KPI TEAM,43,STRY0088347,KPSE44,KPI Team Verifications - Test Execution v0.1.xlsx
KPI TEAM,44,STRY0088347,KPSE45,KPI Team Verifications - Test Execution v0.1.xlsx
KPI TEAM,45,STRY0088347,KPSE46,KPI Team Verifications - Test Execution v0.1.xlsx
KPI TEAM,46,STRY0088347,KPSE47,KPI Team Verifications - Test Execution v0.1.xlsx
KPI TEAM,47,STRY0088347,KPSE48,KPI Team Verifications - Test Execution v0.1.xlsx
KPI TEAM,48,STRY0088347,KPSE49,KPI Team Verifications - Test Execution v0.1.xlsx
KPI TEAM,49,STRY0088347,KPSE50,KPI Team Verifications - Test Execution v0.1.xlsx
KPI TEAM,50,STRY0088347,KPSE51,KPI Team Verifications - Test Execution v0.1.xlsx
KPI TEAM,51,STRY0088348,KPSE52,KPI Team Verifications - Test Execution v0.1.xlsx
KPI TEAM,52,STRY0088348,KPSE53,KPI Team Verifications - Test Execution v0.1.xlsx
KPI TEAM,53,STRY0088348,KPSE54,KPI Team Verifications - Test Execution v0.1.xlsx
KPI TEAM,54,STRY0088352,KPSE55,KPI Team Verifications - Test Execution v0.1.xlsx
KPI TEAM,55,STRY0088352,KPSE56,KPI Team Verifications - Test Execution v0.1.xlsx
KPI TEAM,56,STRY0088352,KPSE57,KPI Team Verifications - Test Execution v0.1.xlsx
KPI TEAM,57,STRY0088352,KPSE58,KPI Team Verifications - Test Execution v0.1.xlsx
KPI TEAM,58,STRY0088352,KPSE59,KPI Team Verifications - Test Execution v0.1.xlsx
KPI TEAM,59,STRY0088352,KPSE60,KPI Team Verifications - Test Execution v0.1.xlsx
KPI TEAM,60,STRY0088352,KPSE61,KPI Team Verifications - Test Execution v0.1.xlsx
KPI TEAM,61,STRY0088541,KPSE62,KPI Team Verifications - Test Execution v0.1.xlsx
KPI TEAM,62,STRY0088542,KPSE63,KPI Team Verifications - Test Execution v0.1.xlsx
KPI TEAM,63,STRY0088542,KPSE64,KPI Team Verifications - Test Execution v0.1.xlsx
KPI TEAM,64,STRY0088542,KPSE65,KPI Team Verifications - Test Execution v0.1.xlsx
KPI TEAM,65,STRY0088559,KPSE66,KPI Team Verifications - Test Execution v0.1.xlsx
KPI TEAM,66,STRY0088799,KPSE67,KPI Team Verifications - Test Execution v0.1.xlsx
KPI TEAM,67,STRY0088799,KPSE68,KPI Team Verifications - Test Execution v0.1.xlsx
KPI TEAM,68,STRY0088799,KPSE69,KPI Team Verifications - Test Execution v0.1.xlsx
KPI TEAM,69,STRY0088799,KPSE70,KPI Team Verifications - Test Execution v0.1.xlsx
KPI TEAM,70,STRY0088799,KPSE71,KPI Team Verifications - Test Execution v0.1.xlsx
KPI TEAM,71,STRY0088799,KPSE72,KPI Team Verifications - Test Execution v0.1.xlsx
KPI TEAM,72,STRY0088799,KPSE73,KPI Team Verifications - Test Execution v0.1.xlsx
KPI TEAM,73,STRY0088799,KPSE74,KPI Team Verifications - Test Execution v0.1.xlsx
KPI TEAM,74,STRY0088799,KPSE75,KPI Team Verifications - Test Execution v0.1.xlsx
KPI TEAM,75,STRY0088799,KPSE76,KPI Team Verifications - Test Execution v0.1.xlsx
KPI TEAM,76,STRY0088799,KPSE77,KPI Team Verifications - Test Execution v0.1.xlsx
KPI TEAM,77,STRY0088799,KPSE78,KPI Team Verifications - Test Execution v0.1.xlsx
KPI TEAM,78,STRY0086767,KPSE79,KPI Team Verifications - Test Execution v0.1.xlsx
KPI TEAM,79,STRY0086767,KPSE80,KPI Team Verifications - Test Execution v0.1.xlsx
Phase 6,0,STRY0084135,CEMO601,CEMO PH6_7 Test Execution v0.2.xlsx
Phase 6,1,STRY0084158,CEMO602,CEMO PH6_7 Test Execution v0.2.xlsx
Phase 6,2,,CEMO603,CEMO PH6_7 Test Execution v0.2.xlsx
Phase 6,3,,CEMO604,CEMO PH6_7 Test Execution v0.2.xlsx
Phase 6,4,STRY0089352,CEMO605,CEMO PH6_7 Test Execution v0.2.xlsx
Phase 6,5,STRY0089352,CEMO606,CEMO PH6_7 Test Execution v0.2.xlsx
Phase 6,6,,CEMO607,CEMO PH6_7 Test Execution v0.2.xlsx
Phase 6,7,,CEMO608,CEMO PH6_7 Test Execution v0.2.xlsx
Phase 6,8,,CEMO609,CEMO PH6_7 Test Execution v0.2.xlsx
Phase 6,9,,CEMO610,CEMO PH6_7 Test Execution v0.2.xlsx
Phase 6,10,,CEMO611,CEMO PH6_7 Test Execution v0.2.xlsx
Phase 6,11,,CEMO612,CEMO PH6_7 Test Execution v0.2.xlsx
Phase 6,12,STRY0089352,CEMO613,CEMO PH6_7 Test Execution v0.2.xlsx
Phase 6,13,STRY0089352,CEMO614,CEMO PH6_7 Test Execution v0.2.xlsx
Phase 6,76,,NAN,CEMO PH6_7 Test Execution v0.2.xlsx
Phase 7,0,STRY0089883,CEMO701,CEMO PH6_7 Test Execution v0.2.xlsx
Phase 7,1,STRY0084107,CEMO702,CEMO PH6_7 Test Execution v0.2.xlsx
Phase 7,2,STRY0084107,CEMO703,CEMO PH6_7 Test Execution v0.2.xlsx
Phase 7,3,,CEMO704,CEMO PH6_7 Test Execution v0.2.xlsx
Phase 7,4,,CEMO705,CEMO PH6_7 Test Execution v0.2.xlsx
Phase 7,5,STRY0089352,CEMO706,CEMO PH6_7 Test Execution v0.2.xlsx
Phase 7,6,,CEMO707,CEMO PH6_7 Test Execution v0.2.xlsx
Acquisitive Crime,0,STRY0084121,CEMOAC01,CEMO PH6_7 Test Execution v0.2.xlsx
Variations,0,,CEMOVAR01,CEMO PH6_7 Test Execution v0.2.xlsx
Variations,1,,CEMOVAR02,CEMO PH6_7 Test Execution v0.2.xlsx
Variations,2,,CEMOVAR03,CEMO PH6_7 Test Execution v0.2.xlsx
Variations,3,,CEMOVAR04,CEMO PH6_7 Test Execution v0.2.xlsx
Variations,4,,CEMOVAR05,CEMO PH6_7 Test Execution v0.2.xlsx
Variations,5,,CEMOVAR06,CEMO PH6_7 Test Execution v0.2.xlsx
Variations,6,,CEMOVAR07,CEMO PH6_7 Test Execution v0.2.xlsx
Variations,7,,CEMOVAR08,CEMO PH6_7 Test Execution v0.2.xlsx
Variations,8,,CEMOVAR09,CEMO PH6_7 Test Execution v0.2.xlsx
Variations,9,,CEMOVAR10,CEMO PH6_7 Test Execution v0.2.xlsx
Variations,10,,CEMOVAR11,CEMO PH6_7 Test Execution v0.2.xlsx
Variations,11,,CEMOVAR12,CEMO PH6_7 Test Execution v0.2.xlsx
Variations,12,,CEMOVAR13,CEMO PH6_7 Test Execution v0.2.xlsx
Variations,13,,CEMOVAR14,CEMO PH6_7 Test Execution v0.2.xlsx
Variations,14,,CEMOVAR15,CEMO PH6_7 Test Execution v0.2.xlsx
Variations,15,,CEMOVAR16,CEMO PH6_7 Test Execution v0.2.xlsx
Variations,16,,CEMOVAR17,CEMO PH6_7 Test Execution v0.2.xlsx
Variations,17,,CEMOVAR18,CEMO PH6_7 Test Execution v0.2.xlsx
OVERALL,10,,NAN,CEMO PH6_7 Test Execution v0.2.xlsx
Install Success Opt1-4,0,,IS157,24.03.2026 release Test Execution v0.2.xlsx
Install Success Opt1-4,1,,IS158,24.03.2026 release Test Execution v0.2.xlsx
Install Success Opt1-4,2,,IS159,24.03.2026 release Test Execution v0.2.xlsx
Install Success Opt1-4,3,,IS160,24.03.2026 release Test Execution v0.2.xlsx
Install Success Opt1-4,4,,IS161,24.03.2026 release Test Execution v0.2.xlsx
Install Success Opt1-4,5,,IS162,24.03.2026 release Test Execution v0.2.xlsx
Install Success Opt1-4,6,,IS163,24.03.2026 release Test Execution v0.2.xlsx
Install Success Opt1-4,7,STRY0085912,IS01,24.03.2026 release Test Execution v0.2.xlsx
Install Success Opt1-4,8,STRY0085923,IS02,24.03.2026 release Test Execution v0.2.xlsx
Install Success Opt1-4,9,STRY0085924,IS03,24.03.2026 release Test Execution v0.2.xlsx
Install Success Opt1-4,10,STRY0085928,IS04,24.03.2026 release Test Execution v0.2.xlsx
Install Success Opt1-4,11,STRY0085930,IS05,24.03.2026 release Test Execution v0.2.xlsx
Install Success Opt1-4,12,STRY0085930,IS06,24.03.2026 release Test Execution v0.2.xlsx
Install Success Opt1-4,13,STRY0085931,IS07,24.03.2026 release Test Execution v0.2.xlsx
Install Success Opt1-4,14,STRY0085931,IS08,24.03.2026 release Test Execution v0.2.xlsx
Install Success Opt1-4,15,STRY0085931,IS09,24.03.2026 release Test Execution v0.2.xlsx
Install Success Opt1-4,16,STRY0085931,IS10,24.03.2026 release Test Execution v0.2.xlsx
Install Success Opt1-4,17,STRY0085931,IS11,24.03.2026 release Test Execution v0.2.xlsx
Install Success Opt1-4,18,STRY0085931,IS12,24.03.2026 release Test Execution v0.2.xlsx
Install Success Opt1-4,19,STRY0086297,IS31,24.03.2026 release Test Execution v0.2.xlsx
Install Success Opt1-4,20,STRY0086297,IS32,24.03.2026 release Test Execution v0.2.xlsx
Install Success Opt1-4,21,STRY0086297,IS33,24.03.2026 release Test Execution v0.2.xlsx
Install Success Opt1-4,22,STRY0086297,IS34,24.03.2026 release Test Execution v0.2.xlsx
Install Success Opt1-4,23,STRY0086297,IS35,24.03.2026 release Test Execution v0.2.xlsx
Install Success Opt1-4,24,STRY0086297,IS36,24.03.2026 release Test Execution v0.2.xlsx
Install Success Opt1-4,25,STRY0086297,IS37,24.03.2026 release Test Execution v0.2.xlsx
Install Success Opt1-4,26,STRY0086297,IS38,24.03.2026 release Test Execution v0.2.xlsx
Install Success Opt1-4,27,STRY0086297,IS39,24.03.2026 release Test Execution v0.2.xlsx
Install Success Opt1-4,28,STRY0086297,IS40,24.03.2026 release Test Execution v0.2.xlsx
Install Success Opt1-4,29,STRY0086297,IS41,24.03.2026 release Test Execution v0.2.xlsx
Install Success Opt1-4,30,STRY0086298,IS42,24.03.2026 release Test Execution v0.2.xlsx
Install Success Opt1-4,31,STRY0086298,IS43,24.03.2026 release Test Execution v0.2.xlsx
Install Success Opt1-4,32,STRY0086298,IS44,24.03.2026 release Test Execution v0.2.xlsx
Install Success Opt1-4,33,STRY0086298,IS45,24.03.2026 release Test Execution v0.2.xlsx
Install Success Opt1-4,34,STRY0086298,IS46,24.03.2026 release Test Execution v0.2.xlsx
Install Success Opt1-4,35,STRY0086298,IS47,24.03.2026 release Test Execution v0.2.xlsx
Install Success Opt1-4,36,STRY0086298,IS48,24.03.2026 release Test Execution v0.2.xlsx
Install Success Opt1-4,37,STRY0086298,IS49,24.03.2026 release Test Execution v0.2.xlsx
Install Success Opt1-4,38,STRY0086298,IS50,24.03.2026 release Test Execution v0.2.xlsx
Install Success Opt1-4,39,STRY0086298,IS51,24.03.2026 release Test Execution v0.2.xlsx
Install Success Opt1-4,40,STRY0086298,IS52,24.03.2026 release Test Execution v0.2.xlsx
Install Success Opt1-4,41,STRY0086404,IS53,24.03.2026 release Test Execution v0.2.xlsx
Install Success Opt1-4,42,STRY0086404,IS54,24.03.2026 release Test Execution v0.2.xlsx
Install Success Opt1-4,43,STRY0086404,IS55,24.03.2026 release Test Execution v0.2.xlsx
Install Success Opt1-4,44,STRY0086404,IS56,24.03.2026 release Test Execution v0.2.xlsx
Install Success Opt1-4,45,STRY0086404,IS57,24.03.2026 release Test Execution v0.2.xlsx
Install Success Opt1-4,46,STRY0086404,IS58,24.03.2026 release Test Execution v0.2.xlsx
Install Success Opt1-4,47,STRY0087287,IS13,24.03.2026 release Test Execution v0.2.xlsx
Install Success Opt1-4,48,STRY0087287,IS14,24.03.2026 release Test Execution v0.2.xlsx
Install Success Opt1-4,49,STRY0087287,IS15,24.03.2026 release Test Execution v0.2.xlsx
Install Success Opt1-4,50,STRY0087287,IS16,24.03.2026 release Test Execution v0.2.xlsx
Install Success Opt1-4,51,STRY0087287,IS17,24.03.2026 release Test Execution v0.2.xlsx
Install Success Opt1-4,52,STRY0087287,IS18,24.03.2026 release Test Execution v0.2.xlsx
Install Success Opt1-4,53,STRY0087291,IS19,24.03.2026 release Test Execution v0.2.xlsx
Install Success Opt1-4,54,STRY0087291,IS20,24.03.2026 release Test Execution v0.2.xlsx
Install Success Opt1-4,55,STRY0087291,IS21,24.03.2026 release Test Execution v0.2.xlsx
Install Success Opt1-4,56,STRY0087291,IS22,24.03.2026 release Test Execution v0.2.xlsx
Install Success Opt1-4,57,STRY0087291,IS23,24.03.2026 release Test Execution v0.2.xlsx
Install Success Opt1-4,58,STRY0087294,IS24,24.03.2026 release Test Execution v0.2.xlsx
Install Success Opt1-4,59,STRY0087295,IS25,24.03.2026 release Test Execution v0.2.xlsx
Install Success Opt1-4,60,STRY0087295,IS26,24.03.2026 release Test Execution v0.2.xlsx
Install Success Opt1-4,61,STRY0087295,IS27,24.03.2026 release Test Execution v0.2.xlsx
Install Success Opt1-4,62,STRY0087295,IS28,24.03.2026 release Test Execution v0.2.xlsx
Install Success Opt1-4,63,STRY0087295,IS29,24.03.2026 release Test Execution v0.2.xlsx
Install Success Opt1-4,64,STRY0087296,IS30,24.03.2026 release Test Execution v0.2.xlsx
Install Success Opt1-4,65,STRY0089373,IS59,24.03.2026 release Test Execution v0.2.xlsx
Install Success Opt1-4,66,STRY0089394,IS61,24.03.2026 release Test Execution v0.2.xlsx
Install Success Opt1-4,67,STRY0089394,IS62,24.03.2026 release Test Execution v0.2.xlsx
Install Success Opt1-4,68,STRY0089394,IS63,24.03.2026 release Test Execution v0.2.xlsx
Install Success Opt1-4,69,STRY0089397,IS69,24.03.2026 release Test Execution v0.2.xlsx
Install Success Opt1-4,70,STRY0089397,IS70,24.03.2026 release Test Execution v0.2.xlsx
Install Success Opt1-4,71,STRY0089397,IS71,24.03.2026 release Test Execution v0.2.xlsx
Install Success Opt1-4,72,STRY0089398,IS67,24.03.2026 release Test Execution v0.2.xlsx
Install Success Opt1-4,73,STRY0089399,IS84,24.03.2026 release Test Execution v0.2.xlsx
Install Success Opt1-4,74,STRY0089399,IS85,24.03.2026 release Test Execution v0.2.xlsx
Install Success Opt1-4,75,STRY0089399,IS86,24.03.2026 release Test Execution v0.2.xlsx
Install Success Opt1-4,76,STRY0089399,IS87,24.03.2026 release Test Execution v0.2.xlsx
Install Success Opt1-4,77,STRY0089399,IS88,24.03.2026 release Test Execution v0.2.xlsx
Install Success Opt1-4,78,STRY0089399,IS89,24.03.2026 release Test Execution v0.2.xlsx
Install Success Opt1-4,79,STRY0089400,IS90,24.03.2026 release Test Execution v0.2.xlsx
Install Success Opt1-4,80,STRY0089400,IS91,24.03.2026 release Test Execution v0.2.xlsx
Install Success Opt1-4,81,STRY0089401,IS94,24.03.2026 release Test Execution v0.2.xlsx
Install Success Opt1-4,82,STRY0089401,IS95,24.03.2026 release Test Execution v0.2.xlsx
Install Success Opt1-4,83,STRY0089401,IS96,24.03.2026 release Test Execution v0.2.xlsx
Install Success Opt1-4,84,STRY0089402,IS97,24.03.2026 release Test Execution v0.2.xlsx
Install Success Opt1-4,85,STRY0089402,IS98,24.03.2026 release Test Execution v0.2.xlsx
Install Success Opt1-4,86,STRY0089402,IS99,24.03.2026 release Test Execution v0.2.xlsx
Install Success Opt1-4,87,STRY0089403,IS106,24.03.2026 release Test Execution v0.2.xlsx
Install Success Opt1-4,88,STRY0089404,IS144,24.03.2026 release Test Execution v0.2.xlsx
Install Success Opt1-4,89,STRY0089404,IS145,24.03.2026 release Test Execution v0.2.xlsx
Install Success Opt1-4,90,STRY0089404,IS146,24.03.2026 release Test Execution v0.2.xlsx
Install Success Opt1-4,91,STRY0089404,IS147,24.03.2026 release Test Execution v0.2.xlsx
Install Success Opt1-4,92,STRY0089404,IS148,24.03.2026 release Test Execution v0.2.xlsx
Install Success Opt1-4,93,STRY0089404,IS149,24.03.2026 release Test Execution v0.2.xlsx
Install Success Opt1-4,94,STRY0089405,IS108,24.03.2026 release Test Execution v0.2.xlsx
Install Success Opt1-4,95,STRY0089405,IS109,24.03.2026 release Test Execution v0.2.xlsx
Install Success Opt1-4,96,STRY0089405,IS110,24.03.2026 release Test Execution v0.2.xlsx
Install Success Opt1-4,97,STRY0089405,IS111,24.03.2026 release Test Execution v0.2.xlsx
Install Success Opt1-4,98,STRY0089405,IS112,24.03.2026 release Test Execution v0.2.xlsx
Install Success Opt1-4,99,STRY0089405,IS113,24.03.2026 release Test Execution v0.2.xlsx
Install Success Opt1-4,100,STRY0089405,IS114,24.03.2026 release Test Execution v0.2.xlsx
Install Success Opt1-4,101,STRY0089405,IS115,24.03.2026 release Test Execution v0.2.xlsx
Install Success Opt1-4,102,STRY0089405,IS116,24.03.2026 release Test Execution v0.2.xlsx
Install Success Opt1-4,103,STRY0089406,IS118,24.03.2026 release Test Execution v0.2.xlsx
Install Success Opt1-4,104,STRY0089406,IS119,24.03.2026 release Test Execution v0.2.xlsx
Install Success Opt1-4,105,STRY0089406,IS121,24.03.2026 release Test Execution v0.2.xlsx
Install Success Opt1-4,106,STRY0089406,IS122,24.03.2026 release Test Execution v0.2.xlsx
Install Success Opt1-4,107,STRY0089406,IS124,24.03.2026 release Test Execution v0.2.xlsx
Install Success Opt1-4,108,STRY0089406,IS125,24.03.2026 release Test Execution v0.2.xlsx
Install Success Opt1-4,109,STRY0089406,IS127,24.03.2026 release Test Execution v0.2.xlsx
Install Success Opt1-4,110,STRY0089406,IS128,24.03.2026 release Test Execution v0.2.xlsx
Install Success Opt1-4,111,STRY0089406,IS130,24.03.2026 release Test Execution v0.2.xlsx
Install Success Opt1-4,112,STRY0089406,IS131,24.03.2026 release Test Execution v0.2.xlsx
Install Success Opt1-4,113,STRY0089406,IS117,24.03.2026 release Test Execution v0.2.xlsx
Install Success Opt1-4,114,STRY0089406,IS120,24.03.2026 release Test Execution v0.2.xlsx
Install Success Opt1-4,115,STRY0089406,IS123,24.03.2026 release Test Execution v0.2.xlsx
Install Success Opt1-4,116,STRY0089406,IS126,24.03.2026 release Test Execution v0.2.xlsx
Install Success Opt1-4,117,STRY0089406,IS129,24.03.2026 release Test Execution v0.2.xlsx
Install Success Opt1-4,118,STRY0089869,IS60,24.03.2026 release Test Execution v0.2.xlsx
Install Success Opt1-4,119,STRY0089871,IS64,24.03.2026 release Test Execution v0.2.xlsx
Install Success Opt1-4,120,STRY0089871,IS65,24.03.2026 release Test Execution v0.2.xlsx
Install Success Opt1-4,121,STRY0089871,IS66,24.03.2026 release Test Execution v0.2.xlsx
Install Success Opt1-4,122,STRY0089872,IS68,24.03.2026 release Test Execution v0.2.xlsx
Install Success Opt1-4,123,STRY0089875,IS72,24.03.2026 release Test Execution v0.2.xlsx
Install Success Opt1-4,124,STRY0089875,IS75,24.03.2026 release Test Execution v0.2.xlsx
Install Success Opt1-4,125,STRY0089875,IS76,24.03.2026 release Test Execution v0.2.xlsx
Install Success Opt1-4,126,STRY0089875,IS77,24.03.2026 release Test Execution v0.2.xlsx
Install Success Opt1-4,127,STRY0089880,IS100,24.03.2026 release Test Execution v0.2.xlsx
Install Success Opt1-4,128,STRY0089880,IS101,24.03.2026 release Test Execution v0.2.xlsx
Install Success Opt1-4,129,STRY0089880,IS102,24.03.2026 release Test Execution v0.2.xlsx
Install Success Opt1-4,130,STRY0089980,IS107,24.03.2026 release Test Execution v0.2.xlsx
Install Success Opt1-4,131,STRY0089981,IS103,24.03.2026 release Test Execution v0.2.xlsx
Install Success Opt1-4,132,STRY0089981,IS104,24.03.2026 release Test Execution v0.2.xlsx
Install Success Opt1-4,133,STRY0089981,IS105,24.03.2026 release Test Execution v0.2.xlsx
Install Success Opt1-4,134,STRY0089982,IS132,24.03.2026 release Test Execution v0.2.xlsx
Install Success Opt1-4,135,STRY0089982,IS133,24.03.2026 release Test Execution v0.2.xlsx
Install Success Opt1-4,136,STRY0089982,IS134,24.03.2026 release Test Execution v0.2.xlsx
Install Success Opt1-4,137,STRY0089982,IS135,24.03.2026 release Test Execution v0.2.xlsx
Install Success Opt1-4,138,STRY0089982,IS136,24.03.2026 release Test Execution v0.2.xlsx
Install Success Opt1-4,139,STRY0089982,IS137,24.03.2026 release Test Execution v0.2.xlsx
Install Success Opt1-4,140,STRY0089982,IS138,24.03.2026 release Test Execution v0.2.xlsx
Install Success Opt1-4,141,STRY0089982,IS139,24.03.2026 release Test Execution v0.2.xlsx
Install Success Opt1-4,142,STRY0089982,IS140,24.03.2026 release Test Execution v0.2.xlsx
Install Success Opt1-4,143,STRY0089983,IS141,24.03.2026 release Test Execution v0.2.xlsx
Install Success Opt1-4,144,STRY0089983,IS142,24.03.2026 release Test Execution v0.2.xlsx
Install Success Opt1-4,145,STRY0089983,IS143,24.03.2026 release Test Execution v0.2.xlsx
Install Success Opt1-4,146,STRY0089984,IS150,24.03.2026 release Test Execution v0.2.xlsx
Install Success Opt1-4,147,STRY0089984,IS151,24.03.2026 release Test Execution v0.2.xlsx
Install Success Opt1-4,148,STRY0089984,IS152,24.03.2026 release Test Execution v0.2.xlsx
Install Success Opt1-4,149,STRY0089984,IS153,24.03.2026 release Test Execution v0.2.xlsx
Install Success Opt1-4,150,STRY0090030,IS78,24.03.2026 release Test Execution v0.2.xlsx
Install Success Opt1-4,151,STRY0090030,IS79,24.03.2026 release Test Execution v0.2.xlsx
Install Success Opt1-4,152,STRY0090030,IS80,24.03.2026 release Test Execution v0.2.xlsx
Install Success Opt1-4,153,STRY0090030,IS81,24.03.2026 release Test Execution v0.2.xlsx
Install Success Opt1-4,154,STRY0090030,IS82,24.03.2026 release Test Execution v0.2.xlsx
Install Success Opt1-4,155,STRY0090030,IS83,24.03.2026 release Test Execution v0.2.xlsx
Install Success Opt1-4,156,STRY0090031,IS92,24.03.2026 release Test Execution v0.2.xlsx
Install Success Opt1-4,157,STRY0090031,IS93,24.03.2026 release Test Execution v0.2.xlsx
Install Success Opt1-4,158,STRY0090083,IS154,24.03.2026 release Test Execution v0.2.xlsx
Install Success Opt1-4,159,STRY0090085,IS155,24.03.2026 release Test Execution v0.2.xlsx
Install Success Opt1-4,160,STRY0090085,IS156,24.03.2026 release Test Execution v0.2.xlsx
Install Success Opt1-4,161,,IS73,24.03.2026 release Test Execution v0.2.xlsx
Install Success Opt1-4,162,,IS74,24.03.2026 release Test Execution v0.2.xlsx
KPI Enhancements,0,STRY0072638,KP01,24.03.2026 release Test Execution v0.2.xlsx
KPI Enhancements,1,STRY0086778,KP02,24.03.2026 release Test Execution v0.2.xlsx
KPI Enhancements,2,STRY0088560,KP03,24.03.2026 release Test Execution v0.2.xlsx
KPI Enhancements,3,STRY0088560,KP04,24.03.2026 release Test Execution v0.2.xlsx
KPI Enhancements,4,STRY0089991,KP05,24.03.2026 release Test Execution v0.2.xlsx
KPI Enhancements,5,STRY0089991,KP06,24.03.2026 release Test Execution v0.2.xlsx
KPI Enhancements,6,STRY0089991,KP07,24.03.2026 release Test Execution v0.2.xlsx
KPI Enhancements,7,STRY0089991,KP08,24.03.2026 release Test Execution v0.2.xlsx
KPI Enhancements,8,STRY0089991,KP09,24.03.2026 release Test Execution v0.2.xlsx
KPI Enhancements,9,STRY0086890,KP10,24.03.2026 release Test Execution v0.2.xlsx
KPI Enhancements,10,,KP11,24.03.2026 release Test Execution v0.2.xlsx
KPI Enhancements,11,,KP12,24.03.2026 release Test Execution v0.2.xlsx
KPI Enhancements,12,,KP13,24.03.2026 release Test Execution v0.2.xlsx
KPI Enhancements,13,,KP14,24.03.2026 release Test Execution v0.2.xlsx
KPI Enhancements,14,,KP15,24.03.2026 release Test Execution v0.2.xlsx
KPI Enhancements,15,STRY0086778,KP16,24.03.2026 release Test Execution v0.2.xlsx
KPI Enhancements,16,STRY0086778,KP17,24.03.2026 release Test Execution v0.2.xlsx
KPI Enhancements,17,STRY0086778,KP18,24.03.2026 release Test Execution v0.2.xlsx
KPI Enhancements,18,STRY0086778,KP19,24.03.2026 release Test Execution v0.2.xlsx
KPI Enhancements,19,STRY0086778,KP20,24.03.2026 release Test Execution v0.2.xlsx
KPI Enhancements,20,STRY0086778,KP21,24.03.2026 release Test Execution v0.2.xlsx
KPI Enhancements,21,STRY0086778,KP22,24.03.2026 release Test Execution v0.2.xlsx
KPI Enhancements,22,STRY0086778,KP23,24.03.2026 release Test Execution v0.2.xlsx
KPI Enhancements,23,STRY0086778,KP24,24.03.2026 release Test Execution v0.2.xlsx
KPI Enhancements,24,STRY0086778,KP25,24.03.2026 release Test Execution v0.2.xlsx
KPI Enhancements,25,STRY0086778,KP26,24.03.2026 release Test Execution v0.2.xlsx
KPI Enhancements,26,STRY0086778,KP27,24.03.2026 release Test Execution v0.2.xlsx
KPI Enhancements,27,STRY0086778,KP28,24.03.2026 release Test Execution v0.2.xlsx
KPI Enhancements,28,STRY0086778,KP29,24.03.2026 release Test Execution v0.2.xlsx
KPI Enhancements,29,STRY0086778,KP30,24.03.2026 release Test Execution v0.2.xlsx
KPI Enhancements,30,STRY0086778,KP31,24.03.2026 release Test Execution v0.2.xlsx
KPI Enhancements,31,STRY0072638,KP32,24.03.2026 release Test Execution v0.2.xlsx
KPI Enhancements,32,STRY0072638,KP33,24.03.2026 release Test Execution v0.2.xlsx
KPI Enhancements,33,STRY0072638,KP34,24.03.2026 release Test Execution v0.2.xlsx
KPI Enhancements,34,STRY0072638,KP35,24.03.2026 release Test Execution v0.2.xlsx
KPI Enhancements,35,STRY0072638,KP36,24.03.2026 release Test Execution v0.2.xlsx
KPI Enhancements,36,STRY0072638,KP37,24.03.2026 release Test Execution v0.2.xlsx
KPI Enhancements,37,STRY0086890,KP38,24.03.2026 release Test Execution v0.2.xlsx
KPI Enhancements,38,,KP39,24.03.2026 release Test Execution v0.2.xlsx
KPI Enhancements,39,,KP40,24.03.2026 release Test Execution v0.2.xlsx
KPI Enhancements,40,STRY0087935,KP41,24.03.2026 release Test Execution v0.2.xlsx
KPI Enhancements,41,STRY0087935,KP42,24.03.2026 release Test Execution v0.2.xlsx
KPI Enhancements,42,STRY0088498,KP43,24.03.2026 release Test Execution v0.2.xlsx
KPI Enhancements,43,STRY0088498,KP44,24.03.2026 release Test Execution v0.2.xlsx
KPI Enhancements,44,STRY0088500,KP45,24.03.2026 release Test Execution v0.2.xlsx
KPI Enhancements,45,STRY0088500,KP46,24.03.2026 release Test Execution v0.2.xlsx
KPI Enhancements,46,STRY0088507,KP47,24.03.2026 release Test Execution v0.2.xlsx
KPI Enhancements,47,STRY0088507,KP48,24.03.2026 release Test Execution v0.2.xlsx
KPI Enhancements,48,STRY0088508,KP49,24.03.2026 release Test Execution v0.2.xlsx
KPI Enhancements,49,STRY0088508,KP50,24.03.2026 release Test Execution v0.2.xlsx
KPI Enhancements,50,STRY0088509,KP51,24.03.2026 release Test Execution v0.2.xlsx
KPI Enhancements,51,STRY0088509,KP52,24.03.2026 release Test Execution v0.2.xlsx
KPI Enhancements,52,STRY0086887,KP53,24.03.2026 release Test Execution v0.2.xlsx
KPI Enhancements,53,STRY0088506,KP54,24.03.2026 release Test Execution v0.2.xlsx
KPI Enhancements,54,STRY0088506,KP55,24.03.2026 release Test Execution v0.2.xlsx
KPI Enhancements,55,STRY0088537,KP56,24.03.2026 release Test Execution v0.2.xlsx
KPI Enhancements,56,STRY0088540,KP57,24.03.2026 release Test Execution v0.2.xlsx
KPI Enhancements,57,STRY0090384,KP58,24.03.2026 release Test Execution v0.2.xlsx
March Enhancements,0,STRY0089363,ME01,24.03.2026 release Test Execution v0.2.xlsx
March Enhancements,1,STRY0089363,ME02,24.03.2026 release Test Execution v0.2.xlsx
March Enhancements,2,STRY0089352,ME03,24.03.2026 release Test Execution v0.2.xlsx
March Enhancements,3,STRY0089352,ME04,24.03.2026 release Test Execution v0.2.xlsx
March Enhancements,4,STRY0089352,ME05,24.03.2026 release Test Execution v0.2.xlsx
March Enhancements,5,STRY0089352,ME06,24.03.2026 release Test Execution v0.2.xlsx
March Enhancements,6,STRY0089352,ME07,24.03.2026 release Test Execution v0.2.xlsx
Alert Regression,0,,AR01,24.03.2026 release Test Execution v0.2.xlsx
Alert Regression,1,,AR02,24.03.2026 release Test Execution v0.2.xlsx
Alert Regression,2,,AR03,24.03.2026 release Test Execution v0.2.xlsx
Alert Regression,3,,AR04,24.03.2026 release Test Execution v0.2.xlsx
Alert Regression,4,,AR05,24.03.2026 release Test Execution v0.2.xlsx
Alert Regression,5,,AR06,24.03.2026 release Test Execution v0.2.xlsx
Alert Regression,6,,AR07,24.03.2026 release Test Execution v0.2.xlsx
Alert Regression,7,,AR08,24.03.2026 release Test Execution v0.2.xlsx
Alert Regression,8,,AR09,24.03.2026 release Test Execution v0.2.xlsx
Alert Regression,9,,AR10,24.03.2026 release Test Execution v0.2.xlsx
Alert Regression,10,,AR11,24.03.2026 release Test Execution v0.2.xlsx
Alert Regression,11,,AR12,24.03.2026 release Test Execution v0.2.xlsx
Alert Regression,12,,AR13,24.03.2026 release Test Execution v0.2.xlsx
Alert Regression,13,,AR14,24.03.2026 release Test Execution v0.2.xlsx
Alert Regression,14,,AR15,24.03.2026 release Test Execution v0.2.xlsx
Alert Regression,15,,AR16,24.03.2026 release Test Execution v0.2.xlsx
Alert Regression,16,,AR17,24.03.2026 release Test Execution v0.2.xlsx
Alert Regression,17,,AR18,24.03.2026 release Test Execution v0.2.xlsx
Alert Regression,18,,AR19,24.03.2026 release Test Execution v0.2.xlsx
Alert Regression,19,,AR20,24.03.2026 release Test Execution v0.2.xlsx
Alert Regression,20,,AR21,24.03.2026 release Test Execution v0.2.xlsx
Alert Regression,21,,AR22,24.03.2026 release Test Execution v0.2.xlsx
Alert Regression,22,,AR23,24.03.2026 release Test Execution v0.2.xlsx
Alert Regression,23,,AR24,24.03.2026 release Test Execution v0.2.xlsx
Alert Regression,24,,AR25,24.03.2026 release Test Execution v0.2.xlsx
Alert Regression,25,,AR26,24.03.2026 release Test Execution v0.2.xlsx
Alert Regression,26,,AR27,24.03.2026 release Test Execution v0.2.xlsx
Alert Regression,27,,AR28,24.03.2026 release Test Execution v0.2.xlsx
Alert Regression,28,,AR29,24.03.2026 release Test Execution v0.2.xlsx
Alert Regression,29,,AR30,24.03.2026 release Test Execution v0.2.xlsx
Alert Regression,30,,AR31,24.03.2026 release Test Execution v0.2.xlsx
Alert Regression,31,,AR32,24.03.2026 release Test Execution v0.2.xlsx
Alert Regression,32,,AR33,24.03.2026 release Test Execution v0.2.xlsx
Alert Regression,33,,AR34,24.03.2026 release Test Execution v0.2.xlsx
Alert Regression,34,,AR35,24.03.2026 release Test Execution v0.2.xlsx
OVERALL,10,,NAN,24.03.2026 release Test Execution v0.2.xlsx
